employe_id,sallary,job_title
1002,20000,stup_instractor
1003,20000,stup_instractor
1004,20000,stup_instractor
1005,20000,stup_instractor
1006,20000,stup_instractor
1007,20000,stup_instractor
1008,20000,stup_instractor
1009,20000,stup_instractor
1010,20000,stup_instractor
1011,20000,stup_instractor
1012,20000,stup_instractor
1013,20000,stup_instractor
1014,20000,stup_instractor
1015,20000,stup_instractor
1016,20000,stup_instractor
1017,20000,stup_instractor
1018,20000,stup_instractor
1019,20000,stup_instractor
1020,20000,stup_instractor
1021,20000,stup_instractor
1022,20000,stup_instractor
1023,20000,stup_instractor
1024,20000,stup_instractor
1025,20000,stup_instractor
1026,20000,stup_instractor
1027,20000,stup_instractor
1028,20000,stup_instractor
1029,20000,stup_instractor
1030,20000,stup_instractor
1031,20000,stup_instractor
1032,20000,stup_instractor
1033,20000,stup_instractor
1034,20000,stup_instractor
1035,20000,stup_instractor
1036,20000,stup_instractor
1037,20000,stup_instractor
1038,20000,stup_instractor
1039,20000,stup_instractor
1040,20000,stup_instractor
1041,20000,stup_instractor
1042,20000,stup_instractor
1043,20000,stup_instractor
1044,20000,stup_instractor
1045,20000,stup_instractor
1046,20000,stup_instractor
1047,20000,stup_instractor
1048,20000,stup_instractor
1049,20000,stup_instractor
1050,20000,stup_instractor
1051,20000,stup_instractor
1052,20000,stup_instractor
1053,20000,stup_instractor
1054,20000,stup_instractor
1055,20000,stup_instractor
1056,20000,stup_instractor
1057,20000,stup_instractor
1058,20000,stup_instractor
1059,20000,stup_instractor
1060,20000,stup_instractor
1061,20000,stup_instractor
1062,20000,stup_instractor
1063,20000,stup_instractor
1064,20000,stup_instractor
1065,20000,stup_instractor
1066,20000,stup_instractor
1067,20000,stup_instractor
1068,20000,stup_instractor
1069,20000,stup_instractor
1070,20000,stup_instractor
1071,20000,stup_instractor
1072,20000,stup_instractor
1073,20000,stup_instractor
1074,20000,stup_instractor
1075,20000,stup_instractor
1076,20000,stup_instractor
1077,20000,stup_instractor
1078,20000,stup_instractor
1079,20000,stup_instractor
1080,20000,stup_instractor
1081,20000,stup_instractor
1082,20000,stup_instractor
1083,20000,stup_instractor
1084,20000,stup_instractor
1085,20000,stup_instractor
1086,20000,stup_instractor
1087,20000,stup_instractor
1088,20000,stup_instractor
1089,20000,stup_instractor
1090,20000,stup_instractor
1091,20000,stup_instractor
1092,20000,stup_instractor
1093,20000,stup_instractor
1094,20000,stup_instractor
1095,20000,stup_instractor
1096,20000,stup_instractor
1097,20000,stup_instractor
1098,20000,stup_instractor
1099,20000,stup_instractor
1100,20000,stup_instractor
1101,22000,stup_instractor
1102,22000,Lab_assistent
1103,22000,Lab_assistent
1104,22000,Lab_assistent
1105,22000,Lab_assistent
1106,22000,Lab_assistent
1107,22000,Lab_assistent
1108,22000,Lab_assistent
1109,22000,Lab_assistent
1110,22000,Lab_assistent
1111,22000,Lab_assistent
1112,22000,Lab_assistent
1113,22000,Lab_assistent
1114,22000,Lab_assistent
1115,22000,Lab_assistent
1116,22000,Lab_assistent
1117,22000,Lab_assistent
1118,22000,Lab_assistent
1119,22000,Lab_assistent
1120,22000,Lab_assistent
1121,22000,Lab_assistent
1122,22000,Lab_assistent
1123,22000,Lab_assistent
1124,22000,Lab_assistent
1125,22000,Lab_assistent
1126,22000,Lab_assistent
1127,22000,Lab_assistent
1128,22000,Lab_assistent
1129,22000,Lab_assistent
1130,22000,Lab_assistent
1131,22000,Lab_assistent
1132,22000,Lab_assistent
1133,22000,Lab_assistent
1134,22000,Lab_assistent
1135,22000,Lab_assistent
1136,22000,Lab_assistent
1137,22000,Lab_assistent
1138,22000,Lab_assistent
1139,22000,Lab_assistent
1140,22000,Lab_assistent
1141,22000,Lab_assistent
1142,22000,Lab_assistent
1143,22000,Lab_assistent
1144,22000,Lab_assistent
1145,22000,Lab_assistent
1146,22000,Lab_assistent
1147,22000,Lab_assistent
1148,22000,Lab_assistent
1149,22000,Lab_assistent
1150,22000,Lab_assistent
1151,22000,Lab_assistent
1152,22000,Lab_assistent
1153,22000,Lab_assistent
1154,22000,Lab_assistent
1155,22000,Lab_assistent
1156,22000,Lab_assistent
1157,22000,Lab_assistent
1158,22000,Lab_assistent
1159,22000,Lab_assistent
1160,22000,Lab_assistent
1161,22000,Lab_assistent
1162,22000,Lab_assistent
1163,22000,Lab_assistent
1164,22000,Lab_assistent
1165,22000,Lab_assistent
1166,22000,Lab_assistent
1167,22000,Lab_assistent
1168,22000,Lab_assistent
1169,22000,Lab_assistent
1170,22000,Lab_assistent
1171,22000,Lab_assistent
1172,22000,Lab_assistent
1173,22000,Lab_assistent
1174,22000,Lab_assistent
1175,22000,Lab_assistent
1176,22000,Lab_assistent
1177,22000,Lab_assistent
1178,22000,Lab_assistent
1179,22000,Lab_assistent
1180,22000,Lab_assistent
1181,22000,Lab_assistent
1182,22000,Lab_assistent
1183,22000,Lab_assistent
1184,22000,Lab_assistent
1185,22000,Lab_assistent
1186,22000,Lab_assistent
1187,22000,Lab_assistent
1188,22000,Lab_assistent
1189,22000,Lab_assistent
1190,22000,Lab_assistent
1191,22000,Lab_assistent
1192,22000,Lab_assistent
1193,22000,Lab_assistent
1194,22000,Lab_assistent
1195,22000,Lab_assistent
1196,22000,Lab_assistent
1197,22000,Lab_assistent
1198,22000,Lab_assistent
1199,22000,Lab_assistent
1200,22000,Lab_assistent
1201,22000,Lab_assistent
1202,22000,Lab_assistent
1203,22000,Lab_assistent
1204,22000,Lab_assistent
1205,22000,Lab_assistent
1206,22000,Lab_assistent
1207,22000,Lab_assistent
1208,22000,Lab_assistent
1209,22000,Lab_assistent
1210,22000,Lab_assistent
1211,22000,Lab_assistent
1212,22000,Lab_assistent
1213,22000,Lab_assistent
1214,22000,Lab_assistent
1215,22000,Lab_assistent
1216,22000,Lab_assistent
1217,22000,Lab_assistent
1218,22000,Lab_assistent
1219,22000,Lab_assistent
1220,22000,Lab_assistent
1221,22000,Lab_assistent
1222,22000,Lab_assistent
1223,22000,Lab_assistent
1224,22000,Lab_assistent
1225,22000,Lab_assistent
1226,23000,Geust_Teacher
1227,23000,Geust_Teacher
1228,23000,Geust_Teacher
1229,23000,Geust_Teacher
1230,23000,Geust_Teacher
1231,23000,Geust_Teacher
1232,23000,Geust_Teacher
1233,23000,Geust_Teacher
1234,23000,Geust_Teacher
1235,23000,Geust_Teacher
1236,23000,Geust_Teacher
1237,23000,Geust_Teacher
1238,23000,Geust_Teacher
1239,23000,Geust_Teacher
1240,23000,Geust_Teacher
1241,23000,Geust_Teacher
1242,23000,Geust_Teacher
1243,23000,Geust_Teacher
1244,23000,Geust_Teacher
1245,23000,Geust_Teacher
1246,23000,Geust_Teacher
1247,23000,Geust_Teacher
1248,23000,Geust_Teacher
1249,23000,Geust_Teacher
1250,23000,Geust_Teacher
1251,23000,Geust_Teacher
1252,23000,Geust_Teacher
1253,23000,Geust_Teacher
1254,23000,Geust_Teacher
1255,23000,Geust_Teacher
1256,23000,Geust_Teacher
1257,23000,Geust_Teacher
1258,23000,Geust_Teacher
1259,23000,Geust_Teacher
1260,23000,Geust_Teacher
1261,23000,Geust_Teacher
1262,23000,Geust_Teacher
1263,23000,Geust_Teacher
1264,23000,Geust_Teacher
1265,23000,Geust_Teacher
1266,23000,Geust_Teacher
1267,23000,Geust_Teacher
1268,23000,Geust_Teacher
1269,23000,Geust_Teacher
1270,23000,Geust_Teacher
1271,23000,Geust_Teacher
1272,23000,Geust_Teacher
1273,23000,Geust_Teacher
1274,23000,Geust_Teacher
1275,23000,Geust_Teacher
1276,23000,Geust_Teacher
1277,23000,Geust_Teacher
1278,23000,Geust_Teacher
1279,23000,Geust_Teacher
1280,23000,Geust_Teacher
1281,23000,Geust_Teacher
1282,23000,Geust_Teacher
1283,23000,Geust_Teacher
1284,23000,Geust_Teacher
1285,23000,Geust_Teacher
1286,23000,Geust_Teacher
1287,23000,Geust_Teacher
1288,23000,Geust_Teacher
1289,23000,Geust_Teacher
1290,23000,Geust_Teacher
1291,23000,Geust_Teacher
1292,23000,Geust_Teacher
1293,23000,Geust_Teacher
1294,23000,Geust_Teacher
1295,23000,Geust_Teacher
1296,23000,Geust_Teacher
1297,23000,Geust_Teacher
1298,23000,Geust_Teacher
1299,23000,Geust_Teacher
1300,23000,Geust_Teacher
1301,25000,Geust_Teacher
1302,25000,Geust_Teacher
1303,25000,Geust_Teacher
1304,25000,Geust_Teacher
1305,25000,Geust_Teacher
1306,25000,Geust_Teacher
1307,25000,Geust_Teacher
1308,25000,Geust_Teacher
1309,25000,Geust_Teacher
1310,25000,Geust_Teacher
1311,25000,Geust_Teacher
1312,25000,Geust_Teacher
1313,25000,Geust_Teacher
1314,25000,Geust_Teacher
1315,25000,Geust_Teacher
1316,25000,Geust_Teacher
1317,25000,Geust_Teacher
1318,25000,Geust_Teacher
1319,25000,Geust_Teacher
1320,25000,Geust_Teacher
1321,25000,Geust_Teacher
1322,25000,Geust_Teacher
1323,25000,Geust_Teacher
1324,25000,Geust_Teacher
1325,25000,Geust_Teacher
1326,25000,Geust_Teacher
1327,25000,Geust_Teacher
1328,25000,Geust_Teacher
1329,25000,Geust_Teacher
1330,25000,Geust_Teacher
1331,25000,Geust_Teacher
1332,25000,Geust_Teacher
1333,25000,Geust_Teacher
1334,25000,Geust_Teacher
1335,25000,Geust_Teacher
1336,25000,Geust_Teacher
1337,25000,Geust_Teacher
1338,25000,Geust_Teacher
1339,25000,Geust_Teacher
1340,25000,Geust_Teacher
1341,25000,Geust_Teacher
1342,25000,Geust_Teacher
1343,25000,Geust_Teacher
1344,25000,Geust_Teacher
1345,25000,Geust_Teacher
1346,25000,Geust_Teacher
1347,25000,Geust_Teacher
1348,25000,Geust_Teacher
1349,25000,Geust_Teacher
1350,25000,Geust_Teacher
1351,25000,Geust_Teacher
1352,25000,Geust_Teacher
1353,25000,Geust_Teacher
1354,25000,Geust_Teacher
1355,25000,Geust_Teacher
1356,25000,Geust_Teacher
1357,25000,Geust_Teacher
1358,25000,Geust_Teacher
1359,25000,Geust_Teacher
1360,25000,Geust_Teacher
1361,25000,Geust_Teacher
1362,25000,Geust_Teacher
1363,25000,Geust_Teacher
1364,25000,Geust_Teacher
1365,25000,Geust_Teacher
1366,25000,Geust_Teacher
1367,25000,Geust_Teacher
1368,25000,Geust_Teacher
1369,25000,Geust_Teacher
1370,25000,Geust_Teacher
1371,25000,Geust_Teacher
1372,25000,Geust_Teacher
1373,25000,Geust_Teacher
1374,25000,Geust_Teacher
1375,25000,Geust_Teacher
1376,25000,Geust_Teacher
1377,25000,Geust_Teacher
1378,25000,Geust_Teacher
1379,25000,Geust_Teacher
1380,25000,Geust_Teacher
1381,25000,Geust_Teacher
1382,25000,Geust_Teacher
1383,25000,Geust_Teacher
1384,25000,Geust_Teacher
1385,25000,Geust_Teacher
1386,25000,Geust_Teacher
1387,25000,Geust_Teacher
1388,25000,Geust_Teacher
1389,25000,Geust_Teacher
1390,25000,Geust_Teacher
1391,25000,Geust_Teacher
1392,25000,Geust_Teacher
1393,25000,Geust_Teacher
1394,25000,Geust_Teacher
1395,25000,Geust_Teacher
1396,25000,Geust_Teacher
1397,25000,Geust_Teacher
1398,25000,Geust_Teacher
1399,25000,Geust_Teacher
1400,25000,Geust_Teacher
1401,25000,Geust_Teacher
1402,25000,Geust_Teacher
1403,25000,Geust_Teacher
1404,25000,Geust_Teacher
1405,25000,Geust_Teacher
1406,25000,Geust_Teacher
1407,26000,Geust_Teacher
1408,26000,Geust_Teacher
1409,26000,Geust_Teacher
1410,26000,Geust_Teacher
1411,26000,Geust_Teacher
1412,26000,Geust_Teacher
1413,26000,Geust_Teacher
1414,26000,Geust_Teacher
1415,26000,Geust_Teacher
1416,26000,Geust_Teacher
1417,26000,Geust_Teacher
1418,26000,Geust_Teacher
1419,26000,Geust_Teacher
1420,26000,Geust_Teacher
1421,26000,Geust_Teacher
1422,26000,Geust_Teacher
1423,26000,Geust_Teacher
1424,26000,Geust_Teacher
1425,26000,Geust_Teacher
1426,26000,Geust_Teacher
1427,26000,Geust_Teacher
1428,26000,Geust_Teacher
1429,26000,Geust_Teacher
1430,26000,Geust_Teacher
1431,26000,Geust_Teacher
1432,26000,Geust_Teacher
1433,26000,Geust_Teacher
1434,26000,Geust_Teacher
1435,26000,Geust_Teacher
1436,26000,Geust_Teacher
1437,26000,Geust_Teacher
1438,26000,Geust_Teacher
1439,26000,Geust_Teacher
1440,26000,Geust_Teacher
1441,26000,Geust_Teacher
1442,26000,Geust_Teacher
1443,26000,Geust_Teacher
1444,26000,Geust_Teacher
1445,26000,Geust_Teacher
1446,26000,Geust_Teacher
1447,26000,Geust_Teacher
1448,26000,Geust_Teacher
1449,26000,Geust_Teacher
1450,26000,Geust_Teacher
1451,26000,Geust_Teacher
1452,26000,Geust_Teacher
1453,26000,Geust_Teacher
1454,26000,Geust_Teacher
1455,26000,Geust_Teacher
1456,26000,Geust_Teacher
1457,26000,Geust_Teacher
1458,26000,Geust_Teacher
1459,26000,Geust_Teacher
1460,26000,Geust_Teacher
1461,26000,Geust_Teacher
1462,26000,Geust_Teacher
1463,26000,Geust_Teacher
1464,26000,Geust_Teacher
1465,26000,Geust_Teacher
1466,26000,Geust_Teacher
1467,26000,Geust_Teacher
1468,26000,Geust_Teacher
1469,26000,Geust_Teacher
1470,26000,Geust_Teacher
1471,26000,Geust_Teacher
1472,26000,Geust_Teacher
1473,26000,Geust_Teacher
1474,26000,Geust_Teacher
1475,26000,Geust_Teacher
1476,26000,Geust_Teacher
1477,26000,Geust_Teacher
1478,26000,Geust_Teacher
1479,26000,Geust_Teacher
1480,26000,Geust_Teacher
1481,26000,Geust_Teacher
1482,26000,Geust_Teacher
1483,26000,Geust_Teacher
1484,26000,Geust_Teacher
1485,26000,Geust_Teacher
1486,26000,Geust_Teacher
1487,26000,Geust_Teacher
1488,26000,Geust_Teacher
1489,26000,Geust_Teacher
1490,26000,Geust_Teacher
1491,26000,Geust_Teacher
1492,26000,Geust_Teacher
1493,26000,Geust_Teacher
1494,26000,Geust_Teacher
1495,26000,Geust_Teacher
1496,26000,Geust_Teacher
1497,26000,Geust_Teacher
1498,26000,Geust_Teacher
1499,26000,Geust_Teacher
1500,26000,Geust_Teacher
1501,26000,Geust_Teacher
1502,26000,Geust_Teacher
1503,26000,Geust_Teacher
1504,26000,Geust_Teacher
1505,26000,Geust_Teacher
1506,26000,Geust_Teacher
1507,26000,Geust_Teacher
1508,26000,Geust_Teacher
1509,26000,Geust_Teacher
1510,26000,Geust_Teacher
1511,26000,Geust_Teacher
1512,26000,Geust_Teacher
1513,26000,Geust_Teacher
1514,26000,Geust_Teacher
1515,26000,Geust_Teacher
1516,26000,Geust_Teacher
1517,26000,Geust_Teacher
1518,26000,Geust_Teacher
1519,26000,Geust_Teacher
1520,26000,Geust_Teacher
1521,26000,Geust_Teacher
1522,26000,Geust_Teacher
1523,26000,Geust_Teacher
1524,26000,Geust_Teacher
1525,26000,Geust_Teacher
1526,26000,Geust_Teacher
1527,26000,Geust_Teacher
1528,26000,Geust_Teacher
1529,26000,Geust_Teacher
1530,26000,Geust_Teacher
1531,26000,Geust_Teacher
1532,26000,Geust_Teacher
1533,26000,Geust_Teacher
1534,26000,Geust_Teacher
1535,26000,Geust_Teacher
1536,26000,Geust_Teacher
1537,26000,Geust_Teacher
1538,26000,Geust_Teacher
1539,26000,Geust_Teacher
1540,26000,Geust_Teacher
1541,26000,Geust_Teacher
1542,26000,Geust_Teacher
1543,26000,Geust_Teacher
1544,26000,Geust_Teacher
1545,26000,Geust_Teacher
1546,26000,Geust_Teacher
1547,26000,Geust_Teacher
1548,26000,Geust_Teacher
1549,26000,Geust_Teacher
1550,26000,Geust_Teacher
1551,26000,Geust_Teacher
1552,26000,Geust_Teacher
1553,26000,Geust_Teacher
1554,26000,Geust_Teacher
1555,26000,Geust_Teacher
1556,26000,Geust_Teacher
1557,26000,Geust_Teacher
1558,26000,Geust_Teacher
1559,26000,Geust_Teacher
1560,26000,Geust_Teacher
1561,26000,Geust_Teacher
1562,26000,Geust_Teacher
1563,26000,Geust_Teacher
1564,26000,Geust_Teacher
1565,26000,Geust_Teacher
1566,26000,Geust_Teacher
1567,26000,Geust_Teacher
1568,26000,Geust_Teacher
1569,26000,Geust_Teacher
1570,26000,Geust_Teacher
1571,26000,Geust_Teacher
1572,26000,Geust_Teacher
1573,26000,Geust_Teacher
1574,26000,Geust_Teacher
1575,26000,Geust_Teacher
1576,26000,Geust_Teacher
1577,26000,Geust_Teacher
1578,26000,Geust_Teacher
1579,26000,Geust_Teacher
1580,26000,Geust_Teacher
1581,26000,Geust_Teacher
1582,26000,Geust_Teacher
1583,26000,Geust_Teacher
1584,26000,Geust_Teacher
1585,26000,Geust_Teacher
1586,26000,Geust_Teacher
1587,26000,Geust_Teacher
1588,26000,Geust_Teacher
1589,26000,Geust_Teacher
1590,26000,Geust_Teacher
1591,26000,Geust_Teacher
1592,26000,Geust_Teacher
1593,26000,Geust_Teacher
1594,26000,Geust_Teacher
1595,26000,Geust_Teacher
1596,26000,Geust_Teacher
1597,26000,Geust_Teacher
1598,26000,Geust_Teacher
1599,26000,Geust_Teacher
1600,26000,Geust_Teacher
1601,26000,Geust_Teacher
1602,26000,Geust_Teacher
1603,26000,Geust_Teacher
1604,26000,Geust_Teacher
1605,26000,Geust_Teacher
1606,26000,Geust_Teacher
1607,26000,Geust_Teacher
1608,26000,Geust_Teacher
1609,26000,Geust_Teacher
1610,26000,Geust_Teacher
1611,26000,Geust_Teacher
1612,26000,Geust_Teacher
1613,26000,Geust_Teacher
1614,26000,Geust_Teacher
1615,26000,Geust_Teacher
1616,26000,Geust_Teacher
1617,26000,Geust_Teacher
1618,26000,Geust_Teacher
1619,26000,Geust_Teacher
1620,26000,Geust_Teacher
1621,26000,Geust_Teacher
1622,26000,Geust_Teacher
1623,26000,Geust_Teacher
1624,26000,Geust_Teacher
1625,26000,Geust_Teacher
1626,26000,Geust_Teacher
1627,26000,Geust_Teacher
1628,26000,Geust_Teacher
1629,26000,Geust_Teacher
1630,26000,Geust_Teacher
1631,26000,Geust_Teacher
1632,26000,Geust_Teacher
1633,26000,Geust_Teacher
1634,26000,Geust_Teacher
1635,26000,Geust_Teacher
1636,26000,Geust_Teacher
1637,26000,Geust_Teacher
1638,26000,Geust_Teacher
1639,26000,Geust_Teacher
1640,26000,Geust_Teacher
1641,26000,Geust_Teacher
1642,26000,Geust_Teacher
1643,26000,Geust_Teacher
1644,26000,Geust_Teacher
1645,26000,Geust_Teacher
1646,26000,Geust_Teacher
1647,26000,Geust_Teacher
1648,26000,Geust_Teacher
1649,26000,Geust_Teacher
1650,26000,Geust_Teacher
1651,26000,Geust_Teacher
1652,26000,Geust_Teacher
1653,26000,Geust_Teacher
1654,26000,Geust_Teacher
1655,26000,Geust_Teacher
1656,26000,Geust_Teacher
1657,26000,Geust_Teacher
1658,26000,Geust_Teacher
1659,26000,Geust_Teacher
1660,26000,Geust_Teacher
1661,26000,Geust_Teacher
1662,26000,Geust_Teacher
1663,26000,Geust_Teacher
1664,26000,Geust_Teacher
1665,26000,Geust_Teacher
1666,26000,Geust_Teacher
1667,26000,Geust_Teacher
1668,26000,Geust_Teacher
1669,26000,Geust_Teacher
1670,26000,Geust_Teacher
1671,26000,Geust_Teacher
1672,26000,Geust_Teacher
1673,26000,Geust_Teacher
1674,26000,Geust_Teacher
1675,26000,Geust_Teacher
1676,26000,Geust_Teacher
1677,26000,Geust_Teacher
1678,26000,Geust_Teacher
1679,26000,Geust_Teacher
1680,26000,Geust_Teacher
1681,26000,Geust_Teacher
1682,26000,Geust_Teacher
1683,26000,Geust_Teacher
1684,26000,Geust_Teacher
1685,26000,Geust_Teacher
1686,26000,Geust_Teacher
1687,26000,Geust_Teacher
1688,26000,Geust_Teacher
1689,26000,Geust_Teacher
1690,26000,Geust_Teacher
1691,26000,Geust_Teacher
1692,26000,Geust_Teacher
1693,26000,Geust_Teacher
1694,26000,Geust_Teacher
1695,26000,Geust_Teacher
1696,26000,Geust_Teacher
1697,26000,Geust_Teacher
1698,26000,Geust_Teacher
1699,26000,Geust_Teacher
1700,26000,Geust_Teacher
1701,26000,Geust_Teacher
1702,26000,Geust_Teacher
1703,26000,Geust_Teacher
1704,26000,Geust_Teacher
1705,26000,Geust_Teacher
1706,26000,Geust_Teacher
1707,26000,Geust_Teacher
1708,26000,Geust_Teacher
1709,26000,Geust_Teacher
1710,26000,Geust_Teacher
1711,26000,Geust_Teacher
1712,26000,Geust_Teacher
1713,26000,Geust_Teacher
1714,26000,Geust_Teacher
1715,26000,Geust_Teacher
1716,26000,Geust_Teacher
1717,26000,Geust_Teacher
1718,26000,Geust_Teacher
1719,26000,Geust_Teacher
1720,26000,Geust_Teacher
1721,26000,Geust_Teacher
1722,26000,Geust_Teacher
1723,26000,Geust_Teacher
1724,27500,Junior_Instractor
1725,27500,Junior_Instractor
1726,27500,Junior_Instractor
1727,27500,Junior_Instractor
1728,27500,Junior_Instractor
1729,27500,Junior_Instractor
1730,27500,Junior_Instractor
1731,27500,Junior_Instractor
1732,27500,Junior_Instractor
1733,27500,Junior_Instractor
1734,27500,Junior_Instractor
1735,27500,Junior_Instractor
1736,27500,Junior_Instractor
1737,27500,Junior_Instractor
1738,27500,Junior_Instractor
1739,27500,Junior_Instractor
1740,27500,Junior_Instractor
1741,27500,Junior_Instractor
1742,27500,Junior_Instractor
1743,27500,Junior_Instractor
1744,27500,Junior_Instractor
1745,27500,Junior_Instractor
1746,27500,Junior_Instractor
1747,27500,Junior_Instractor
1748,27500,Junior_Instractor
1749,27500,Junior_Instractor
1750,27500,Junior_Instractor
1751,27500,Junior_Instractor
1752,27500,Junior_Instractor
1753,27500,Junior_Instractor
1754,27500,Junior_Instractor
1755,27500,Junior_Instractor
1756,27500,Junior_Instractor
1757,27500,Junior_Instractor
1758,27500,Junior_Instractor
1759,27500,Junior_Instractor
1760,27500,Junior_Instractor
1761,27500,Junior_Instractor
1762,27500,Junior_Instractor
1763,27500,Junior_Instractor
1764,27500,Junior_Instractor
1765,27500,Junior_Instractor
1766,27500,Junior_Instractor
1767,27500,Junior_Instractor
1768,27500,Junior_Instractor
1769,27500,Junior_Instractor
1770,27500,Junior_Instractor
1771,27500,Junior_Instractor
1772,27500,Junior_Instractor
1773,27500,Junior_Instractor
1774,27500,Junior_Instractor
1775,27500,Junior_Instractor
1776,27500,Junior_Instractor
1777,27500,Junior_Instractor
1778,27500,Junior_Instractor
1779,27500,Junior_Instractor
1780,27500,Junior_Instractor
1781,27500,Junior_Instractor
1782,27500,Junior_Instractor
1783,27500,Junior_Instractor
1784,27500,Junior_Instractor
1785,27500,Junior_Instractor
1786,27500,Junior_Instractor
1787,27500,Junior_Instractor
1788,27500,Junior_Instractor
1789,27500,Junior_Instractor
1790,27500,Junior_Instractor
1791,27500,Junior_Instractor
1792,27500,Junior_Instractor
1793,27500,Junior_Instractor
1794,27500,Junior_Instractor
1795,27500,Junior_Instractor
1796,27500,Junior_Instractor
1797,27500,Junior_Instractor
1798,27500,Junior_Instractor
1799,27500,Junior_Instractor
1800,27500,Junior_Instractor
1801,27500,Junior_Instractor
1802,27500,Junior_Instractor
1803,27500,Junior_Instractor
1804,27500,Junior_Instractor
1805,27500,Junior_Instractor
1806,27500,Junior_Instractor
1807,27500,Junior_Instractor
1808,27500,Junior_Instractor
1809,27500,Junior_Instractor
1810,27500,Junior_Instractor
1811,27500,Junior_Instractor
1812,27500,Junior_Instractor
1813,27500,Junior_Instractor
1814,27500,Junior_Instractor
1815,27500,Junior_Instractor
1816,27500,Junior_Instractor
1817,27500,Junior_Instractor
1818,27500,Junior_Instractor
1819,27500,Junior_Instractor
1820,27500,Junior_Instractor
1821,27500,Junior_Instractor
1822,27500,Junior_Instractor
1823,27500,Junior_Instractor
1824,27500,Junior_Instractor
1825,27500,Junior_Instractor
1826,27500,Junior_Instractor
1827,27500,Junior_Instractor
1828,27500,Junior_Instractor
1829,27500,Junior_Instractor
1830,27500,Junior_Instractor
1831,27500,Junior_Instractor
1832,27500,Junior_Instractor
1833,27500,Junior_Instractor
1834,27500,Junior_Instractor
1835,27500,Junior_Instractor
1836,27500,Junior_Instractor
1837,27500,Junior_Instractor
1838,27500,Junior_Instractor
1839,27500,Junior_Instractor
1840,27500,Junior_Instractor
1841,27500,Junior_Instractor
1842,27500,Junior_Instractor
1843,27500,Junior_Instractor
1844,27500,Junior_Instractor
1845,27500,Junior_Instractor
1846,27500,Junior_Instractor
1847,27500,Junior_Instractor
1848,27500,Junior_Instractor
1849,27500,Junior_Instractor
1850,27500,Junior_Instractor
1851,27500,Junior_Instractor
1852,27500,Junior_Instractor
1853,28000,Junior_Instractor
1854,28000,Junior_Instractor
1855,28000,Junior_Instractor
1856,28000,Junior_Instractor
1857,28000,Junior_Instractor
1858,28000,Junior_Instractor
1859,28000,Junior_Instractor
1860,28000,Junior_Instractor
1861,28000,Junior_Instractor
1862,28000,Junior_Instractor
1863,28000,Junior_Instractor
1864,28000,Junior_Instractor
1865,28000,Junior_Instractor
1866,28000,Junior_Instractor
1867,28000,Junior_Instractor
1868,28000,Junior_Instractor
1869,28000,Junior_Instractor
1870,28000,Junior_Instractor
1871,28000,Junior_Instractor
1872,28000,Junior_Instractor
1873,28000,Junior_Instractor
1874,28000,Junior_Instractor
1875,28000,Junior_Instractor
1876,28000,Junior_Instractor
1877,28000,Junior_Instractor
1878,28000,Junior_Instractor
1879,28000,Junior_Instractor
1880,28000,Junior_Instractor
1881,28000,Junior_Instractor
1882,28000,Junior_Instractor
1883,28000,Junior_Instractor
1884,28000,Junior_Instractor
1885,28000,Junior_Instractor
1886,28000,Junior_Instractor
1887,28000,Junior_Instractor
1888,28000,Junior_Instractor
1889,28000,Junior_Instractor
1890,28000,Junior_Instractor
1891,28000,Junior_Instractor
1892,28000,Junior_Instractor
1893,28000,Junior_Instractor
1894,28000,Junior_Instractor
1895,28000,Junior_Instractor
1896,28000,Junior_Instractor
1897,28000,Junior_Instractor
1898,28000,Junior_Instractor
1899,28000,Junior_Instractor
1900,28000,Junior_Instractor
1901,28000,Junior_Instractor
1902,28000,Junior_Instractor
1903,28000,Junior_Instractor
1904,28000,Junior_Instractor
1905,28000,Junior_Instractor
1906,28000,Junior_Instractor
1907,28000,Junior_Instractor
1908,28000,Junior_Instractor
1909,28000,Junior_Instractor
1910,28000,Junior_Instractor
1911,28000,Junior_Instractor
1912,28000,Junior_Instractor
1913,28000,Junior_Instractor
1914,28000,Junior_Instractor
1915,28000,Junior_Instractor
1916,28000,Junior_Instractor
1917,28000,Junior_Instractor
1918,28000,Junior_Instractor
1919,28000,Junior_Instractor
1920,28000,Junior_Instractor
1921,28000,Junior_Instractor
1922,28000,Junior_Instractor
1923,28000,Junior_Instractor
1924,28000,Junior_Instractor
1925,28000,Junior_Instractor
1926,28000,Junior_Instractor
1927,28000,Junior_Instractor
1928,28000,Junior_Instractor
1929,28000,Junior_Instractor
1930,28000,Junior_Instractor
1931,28000,Junior_Instractor
1932,28000,Junior_Instractor
1933,28000,Junior_Instractor
1934,28000,Junior_Instractor
1935,28000,Junior_Instractor
1936,28000,Junior_Instractor
1937,28000,Junior_Instractor
1938,28000,Junior_Instractor
1939,28000,Junior_Instractor
1940,28000,Junior_Instractor
1941,28000,Junior_Instractor
1942,28000,Junior_Instractor
1943,28000,Junior_Instractor
1944,28000,Junior_Instractor
1945,28000,Junior_Instractor
1946,28000,Junior_Instractor
1947,28000,Junior_Instractor
1948,28000,Junior_Instractor
1949,28000,Junior_Instractor
1950,28000,Junior_Instractor
1951,28000,Junior_Instractor
1952,28000,Junior_Instractor
1953,28000,Junior_Instractor
1954,28000,Junior_Instractor
1955,28000,Junior_Instractor
1956,28000,Junior_Instractor
1957,28000,Junior_Instractor
1958,28000,Junior_Instractor
1959,28000,Junior_Instractor
1960,28000,Junior_Instractor
1961,28000,Junior_Instractor
1962,28000,Junior_Instractor
1963,28000,Junior_Instractor
1964,28000,Junior_Instractor
1965,28000,Junior_Instractor
1966,28000,Junior_Instractor
1967,28000,Junior_Instractor
1968,28000,Junior_Instractor
1969,28000,Junior_Instractor
1970,28000,Junior_Instractor
1971,28000,Junior_Instractor
1972,28000,Junior_Instractor
1973,28000,Junior_Instractor
1974,28000,Junior_Instractor
1975,28000,Junior_Instractor
1976,28000,Junior_Instractor
1977,28000,Junior_Instractor
1978,28000,Junior_Instractor
1979,28000,Junior_Instractor
1980,28000,Junior_Instractor
1981,28000,Junior_Instractor
1982,28000,Junior_Instractor
1983,28000,Junior_Instractor
1984,28000,Junior_Instractor
1985,28000,Junior_Instractor
1986,28000,Junior_Instractor
1987,28000,Junior_Instractor
1988,28000,Junior_Instractor
1989,28000,Junior_Instractor
1990,28000,Junior_Instractor
1991,28000,Junior_Instractor
1992,28000,Junior_Instractor
1993,28000,Junior_Instractor
1994,28000,Junior_Instractor
1995,28000,Junior_Instractor
1996,28000,Junior_Instractor
1997,28000,Junior_Instractor
1998,28000,Junior_Instractor
1999,28000,Junior_Instractor
2000,28000,Junior_Instractor
2001,28000,Junior_Instractor
2002,28000,Junior_Instractor
2003,28000,Junior_Instractor
2004,28000,Junior_Instractor
2005,28000,Junior_Instractor
2006,28000,Junior_Instractor
2007,28000,Junior_Instractor
2008,30000,Junior_Instractor
2009,30000,Junior_Instractor
2010,30000,Junior_Instractor
2011,30000,Junior_Instractor
2012,30000,Junior_Instractor
2013,30000,Junior_Instractor
2014,30000,Junior_Instractor
2015,30000,Junior_Instractor
2016,30000,Junior_Instractor
2017,30000,Junior_Instractor
2018,30000,Junior_Instractor
2019,30000,Junior_Instractor
2020,30000,Junior_Instractor
2021,30000,Junior_Instractor
2022,30000,Junior_Instractor
2023,30000,Junior_Instractor
2024,30000,Junior_Instractor
2025,30000,Junior_Instractor
2026,30000,Junior_Instractor
2027,30000,Junior_Instractor
2028,30000,Junior_Instractor
2029,30000,Junior_Instractor
2030,30000,Junior_Instractor
2031,30000,Junior_Instractor
2032,30000,Junior_Instractor
2033,30000,Junior_Instractor
2034,30000,Junior_Instractor
2035,30000,Junior_Instractor
2036,30000,Junior_Instractor
2037,30000,Junior_Instractor
2038,30000,Junior_Instractor
2039,30000,Junior_Instractor
2040,30000,Junior_Instractor
2041,30000,Junior_Instractor
2042,30000,Junior_Instractor
2043,30000,Junior_Instractor
2044,30000,Junior_Instractor
2045,30000,Junior_Instractor
2046,30000,Junior_Instractor
2047,30000,Junior_Instractor
2048,30000,Junior_Instractor
2049,30000,Junior_Instractor
2050,30000,Junior_Instractor
2051,30000,Junior_Instractor
2052,30000,Junior_Instractor
2053,30000,Junior_Instractor
2054,30000,Junior_Instractor
2055,30000,Junior_Instractor
2056,30000,Junior_Instractor
2057,30000,Junior_Instractor
2058,30000,Junior_Instractor
2059,30000,Junior_Instractor
2060,30000,Junior_Instractor
2061,30000,Junior_Instractor
2062,30000,Junior_Instractor
2063,30000,Junior_Instractor
2064,30000,Junior_Instractor
2065,30000,Junior_Instractor
2066,30000,Junior_Instractor
2067,30000,Junior_Instractor
2068,30000,Junior_Instractor
2069,30000,Junior_Instractor
2070,30000,Junior_Instractor
2071,30000,Junior_Instractor
2072,30000,Junior_Instractor
2073,30000,Junior_Instractor
2074,30000,Junior_Instractor
2075,30000,Junior_Instractor
2076,30000,Junior_Instractor
2077,30000,Junior_Instractor
2078,30000,Junior_Instractor
2079,30000,Junior_Instractor
2080,32500,Junior_Instractor
2081,32500,Junior_Instractor
2082,32500,Junior_Instractor
2083,32500,Junior_Instractor
2084,32500,Junior_Instractor
2085,32500,Junior_Instractor
2086,32500,Junior_Instractor
2087,32500,Junior_Instractor
2088,32500,Junior_Instractor
2089,32500,Junior_Instractor
2090,32500,Junior_Instractor
2091,32500,Junior_Instractor
2092,32500,Junior_Instractor
2093,32500,Junior_Instractor
2094,32500,Junior_Instractor
2095,32500,Junior_Instractor
2096,32500,Junior_Instractor
2097,32500,Junior_Instractor
2098,32500,Junior_Instractor
2099,32500,Junior_Instractor
2100,32500,Junior_Instractor
2101,32500,Junior_Instractor
2102,32500,Junior_Instractor
2103,32500,Junior_Instractor
2104,32500,Junior_Instractor
2105,32500,Junior_Instractor
2106,32500,Junior_Instractor
2107,32500,Junior_Instractor
2108,32500,Junior_Instractor
2109,32500,Junior_Instractor
2110,32500,Junior_Instractor
2111,32500,Junior_Instractor
2112,32500,Junior_Instractor
2113,32500,Junior_Instractor
2114,32500,Junior_Instractor
2115,32500,Junior_Instractor
2116,32500,Junior_Instractor
2117,32500,Junior_Instractor
2118,32500,Junior_Instractor
2119,32500,Junior_Instractor
2120,32500,Junior_Instractor
2121,32500,Junior_Instractor
2122,32500,Junior_Instractor
2123,32500,Junior_Instractor
2124,32500,Junior_Instractor
2125,32500,Junior_Instractor
2126,32500,Junior_Instractor
2127,32500,Junior_Instractor
2128,32500,Junior_Instractor
2129,32500,Junior_Instractor
2130,32500,Junior_Instractor
2131,32500,Junior_Instractor
2132,32500,Junior_Instractor
2133,32500,Junior_Instractor
2134,32500,Junior_Instractor
2135,32500,Junior_Instractor
2136,32500,Junior_Instractor
2137,32500,Junior_Instractor
2138,32500,Junior_Instractor
2139,32500,Junior_Instractor
2140,32500,Junior_Instractor
2141,32500,Junior_Instractor
2142,32500,Junior_Instractor
2143,32500,Junior_Instractor
2144,32500,Junior_Instractor
2145,32500,Junior_Instractor
2146,32500,Junior_Instractor
2147,32500,Junior_Instractor
2148,32500,Junior_Instractor
2149,32500,Junior_Instractor
2150,32500,Junior_Instractor
2151,32500,Junior_Instractor
2152,32500,Junior_Instractor
2153,32500,Junior_Instractor
2154,32500,Junior_Instractor
2155,32500,Junior_Instractor
2156,32500,Junior_Instractor
2157,32500,Junior_Instractor
2158,32500,Junior_Instractor
2159,32500,Junior_Instractor
2160,32500,Junior_Instractor
2161,32500,Junior_Instractor
2162,32500,Junior_Instractor
2163,32500,Junior_Instractor
2164,32500,Junior_Instractor
2165,32500,Junior_Instractor
2166,32500,Junior_Instractor
2167,32500,Junior_Instractor
2168,32500,Junior_Instractor
2169,32500,Junior_Instractor
2170,32500,Junior_Instractor
2171,33050,Junior_Instractor
2172,33050,Junior_Instractor
2173,33050,Junior_Instractor
2174,33050,Junior_Instractor
2175,33050,Junior_Instractor
2176,33050,Junior_Instractor
2177,33050,Junior_Instractor
2178,33050,Junior_Instractor
2179,33050,Junior_Instractor
2180,33050,Junior_Instractor
2181,33050,Junior_Instractor
2182,33050,Junior_Instractor
2183,33050,Junior_Instractor
2184,33050,Junior_Instractor
2185,33050,Junior_Instractor
2186,33050,Junior_Instractor
2187,33050,Junior_Instractor
2188,33050,Junior_Instractor
2189,33050,Junior_Instractor
2190,33050,Junior_Instractor
2191,33050,Junior_Instractor
2192,33050,Junior_Instractor
2193,33050,Junior_Instractor
2194,33050,Junior_Instractor
2195,33050,Junior_Instractor
2196,33050,Junior_Instractor
2197,33050,Junior_Instractor
2198,33050,Junior_Instractor
2199,33050,Junior_Instractor
2200,33050,Junior_Instractor
2201,33050,Junior_Instractor
2202,33050,Junior_Instractor
2203,33050,Junior_Instractor
2204,33050,Junior_Instractor
2205,33050,Junior_Instractor
2206,33050,Junior_Instractor
2207,33050,Junior_Instractor
2208,33050,Junior_Instractor
2209,33050,Junior_Instractor
2210,33050,Junior_Instractor
2211,33050,Junior_Instractor
2212,33050,Junior_Instractor
2213,33050,Junior_Instractor
2214,33050,Junior_Instractor
2215,33050,Junior_Instractor
2216,33050,Junior_Instractor
2217,33050,Junior_Instractor
2218,33050,Junior_Instractor
2219,33050,Junior_Instractor
2220,33050,Junior_Instractor
2221,33050,Junior_Instractor
2222,33050,Junior_Instractor
2223,33050,Junior_Instractor
2224,33050,Junior_Instractor
2225,33050,Junior_Instractor
2226,33050,Junior_Instractor
2227,33050,Junior_Instractor
2228,33050,Junior_Instractor
2229,33050,Junior_Instractor
2230,33050,Junior_Instractor
2231,33050,Junior_Instractor
2232,33050,Junior_Instractor
2233,33050,Junior_Instractor
2234,33050,Junior_Instractor
2235,33050,Junior_Instractor
2236,33050,Junior_Instractor
2237,33050,Junior_Instractor
2238,33050,Junior_Instractor
2239,33050,Junior_Instractor
2240,33050,Junior_Instractor
2241,33050,Junior_Instractor
2242,33050,Junior_Instractor
2243,33050,Junior_Instractor
2244,33050,Junior_Instractor
2245,33050,Junior_Instractor
2246,33050,Junior_Instractor
2247,33050,Junior_Instractor
2248,34000,Junior_Instractor
2249,34000,Junior_Instractor
2250,34000,Junior_Instractor
2251,34000,Junior_Instractor
2252,34000,Junior_Instractor
2253,34000,Junior_Instractor
2254,34000,Junior_Instractor
2255,34000,Junior_Instractor
2256,34000,Junior_Instractor
2257,34000,Junior_Instractor
2258,34000,Junior_Instractor
2259,34000,Junior_Instractor
2260,34000,Junior_Instractor
2261,34000,Junior_Instractor
2262,34000,Junior_Instractor
2263,34000,Junior_Instractor
2264,34000,Junior_Instractor
2265,34000,Junior_Instractor
2266,34000,Junior_Instractor
2267,34000,Junior_Instractor
2268,34000,Junior_Instractor
2269,34000,Junior_Instractor
2270,34000,Junior_Instractor
2271,34000,Junior_Instractor
2272,34000,Junior_Instractor
2273,34000,Junior_Instractor
2274,34000,Junior_Instractor
2275,34000,Junior_Instractor
2276,34000,Junior_Instractor
2277,34000,Junior_Instractor
2278,34000,Junior_Instractor
2279,34000,Junior_Instractor
2280,34000,Junior_Instractor
2281,34000,Junior_Instractor
2282,34000,Junior_Instractor
2283,34000,Junior_Instractor
2284,34000,Junior_Instractor
2285,34000,Junior_Instractor
2286,34000,Junior_Instractor
2287,34000,Junior_Instractor
2288,34000,Junior_Instractor
2289,34000,Junior_Instractor
2290,34000,Junior_Instractor
2291,34000,Junior_Instractor
2292,34000,Junior_Instractor
2293,34000,Junior_Instractor
2294,34000,Junior_Instractor
2295,34000,Junior_Instractor
2296,34000,Junior_Instractor
2297,34000,Junior_Instractor
2298,34000,Junior_Instractor
2299,34000,Junior_Instractor
2300,34000,Junior_Instractor
2301,34000,Junior_Instractor
2302,34000,Junior_Instractor
2303,34000,Junior_Instractor
2304,34000,Junior_Instractor
2305,34000,Junior_Instractor
2306,34000,Junior_Instractor
2307,34000,Junior_Instractor
2308,34000,Junior_Instractor
2309,34000,Junior_Instractor
2310,34000,Junior_Instractor
2311,34000,Junior_Instractor
2312,34000,Junior_Instractor
2313,34000,Junior_Instractor
2314,34000,Junior_Instractor
2315,34000,Junior_Instractor
2316,34000,Junior_Instractor
2317,34000,Junior_Instractor
2318,34000,Junior_Instractor
2319,34000,Junior_Instractor
2320,34000,Junior_Instractor
2321,34000,Junior_Instractor
2322,34000,Junior_Instractor
2323,34000,Junior_Instractor
2324,34000,Junior_Instractor
2325,34000,Junior_Instractor
2326,34000,Junior_Instractor
2327,34000,Junior_Instractor
2328,34000,Junior_Instractor
2329,34000,Junior_Instractor
2330,34000,Junior_Instractor
2331,34000,Junior_Instractor
2332,34000,Junior_Instractor
2333,34000,Junior_Instractor
2334,34000,Junior_Instractor
2335,34000,Junior_Instractor
2336,34000,Junior_Instractor
2337,34000,Junior_Instractor
2338,34000,Junior_Instractor
2339,34000,Junior_Instractor
2340,34000,Junior_Instractor
2341,34000,Junior_Instractor
2342,34000,Junior_Instractor
2343,34000,Junior_Instractor
2344,34000,Junior_Instractor
2345,34000,Junior_Instractor
2346,34000,Junior_Instractor
2347,34000,Junior_Instractor
2348,34000,Junior_Instractor
2349,34000,Junior_Instractor
2350,34000,Junior_Instractor
2351,34000,Junior_Instractor
2352,34000,Junior_Instractor
2353,34000,Junior_Instractor
2354,34000,Junior_Instractor
2355,34000,Junior_Instractor
2356,34000,Junior_Instractor
2357,34000,Junior_Instractor
2358,34000,Junior_Instractor
2359,34000,Junior_Instractor
2360,34000,Junior_Instractor
2361,34000,Junior_Instractor
2362,34000,Junior_Instractor
2363,34000,Junior_Instractor
2364,34000,Junior_Instractor
2365,34000,Junior_Instractor
2366,34000,Junior_Instractor
2367,34000,Junior_Instractor
2368,35000,Junior_Instractor
2369,35000,Junior_Instractor
2370,35000,Junior_Instractor
2371,35000,Junior_Instractor
2372,35000,Junior_Instractor
2373,35000,Junior_Instractor
2374,35000,Junior_Instractor
2375,35000,Junior_Instractor
2376,35000,Junior_Instractor
2377,35000,Junior_Instractor
2378,35000,Junior_Instractor
2379,35000,Junior_Instractor
2380,35000,Junior_Instractor
2381,35000,Junior_Instractor
2382,35000,Junior_Instractor
2383,35000,Junior_Instractor
2384,35000,Junior_Instractor
2385,35000,Junior_Instractor
2386,35000,Junior_Instractor
2387,35000,Junior_Instractor
2388,35000,Junior_Instractor
2389,35000,Junior_Instractor
2390,35000,Junior_Instractor
2391,35000,Junior_Instractor
2392,35000,Junior_Instractor
2393,35000,Junior_Instractor
2394,35000,Junior_Instractor
2395,35000,Junior_Instractor
2396,35000,Junior_Instractor
2397,35000,Junior_Instractor
2398,35000,Junior_Instractor
2399,35000,Junior_Instractor
2400,35000,Junior_Instractor
2401,35000,Junior_Instractor
2402,35000,Junior_Instractor
2403,35000,Junior_Instractor
2404,35000,Junior_Instractor
2405,35000,Junior_Instractor
2406,35000,Junior_Instractor
2407,35000,Junior_Instractor
2408,35000,Junior_Instractor
2409,35000,Junior_Instractor
2410,35000,Junior_Instractor
2411,35000,Junior_Instractor
2412,35000,Junior_Instractor
2413,35000,Junior_Instractor
2414,35000,Junior_Instractor
2415,35000,Junior_Instractor
2416,35000,Junior_Instractor
2417,35000,Junior_Instractor
2418,35000,Junior_Instractor
2419,35000,Junior_Instractor
2420,35000,Junior_Instractor
2421,35000,Junior_Instractor
2422,35000,Junior_Instractor
2423,35000,Junior_Instractor
2424,35000,Junior_Instractor
2425,35000,Junior_Instractor
2426,35000,Junior_Instractor
2427,35000,Junior_Instractor
2428,35000,Junior_Instractor
2429,35000,Junior_Instractor
2430,35000,Junior_Instractor
2431,35000,Junior_Instractor
2432,35000,Junior_Instractor
2433,35000,Junior_Instractor
2434,35000,Junior_Instractor
2435,35000,Junior_Instractor
2436,35000,Junior_Instractor
2437,35000,Junior_Instractor
2438,35000,Junior_Instractor
2439,35000,Junior_Instractor
2440,35000,Junior_Instractor
2441,35000,Junior_Instractor
2442,35000,Junior_Instractor
2443,35000,Junior_Instractor
2444,35000,Junior_Instractor
2445,35000,Junior_Instractor
2446,35000,Junior_Instractor
2447,35000,Junior_Instractor
2448,35000,Junior_Instractor
2449,35000,Junior_Instractor
2450,35000,Junior_Instractor
2451,35000,Junior_Instractor
2452,35000,Junior_Instractor
2453,35000,Junior_Instractor
2454,35000,Junior_Instractor
2455,35000,Junior_Instractor
2456,35000,Junior_Instractor
2457,35000,Junior_Instractor
2458,35000,Junior_Instractor
2459,35000,Junior_Instractor
2460,35000,Junior_Instractor
2461,35000,Junior_Instractor
2462,35000,Junior_Instractor
2463,35000,Junior_Instractor
2464,35000,Junior_Instractor
2465,35000,Junior_Instractor
2466,35000,Junior_Instractor
2467,35000,Junior_Instractor
2468,35000,Junior_Instractor
2469,35000,Junior_Instractor
2470,35000,Junior_Instractor
2471,35000,Junior_Instractor
2472,35000,Junior_Instractor
2473,35000,Junior_Instractor
2474,35000,Junior_Instractor
2475,35000,Junior_Instractor
2476,35000,Junior_Instractor
2477,35000,Junior_Instractor
2478,35000,Junior_Instractor
2479,35000,Junior_Instractor
2480,35000,Junior_Instractor
2481,35000,Junior_Instractor
2482,35000,Junior_Instractor
2483,35000,Junior_Instractor
2484,35000,Junior_Instractor
2485,35000,Junior_Instractor
2486,35000,Junior_Instractor
2487,35000,Junior_Instractor
2488,35000,Junior_Instractor
2489,35000,Junior_Instractor
2490,35000,Junior_Instractor
2491,35000,Junior_Instractor
2492,35000,Junior_Instractor
2493,35000,Junior_Instractor
2494,35000,Junior_Instractor
2495,35000,Junior_Instractor
2496,35000,Junior_Instractor
2497,35000,Junior_Instractor
2498,35000,Junior_Instractor
2499,35000,Junior_Instractor
2500,35000,Junior_Instractor
2501,35000,Junior_Instractor
2502,35000,Junior_Instractor
2503,35000,Junior_Instractor
2504,35000,Junior_Instractor
2505,35000,Junior_Instractor
2506,35000,Junior_Instractor
2507,35000,Junior_Instractor
2508,35000,Junior_Instractor
2509,35000,Junior_Instractor
2510,35000,Junior_Instractor
2511,35000,Junior_Instractor
2512,35000,Junior_Instractor
2513,35000,Junior_Instractor
2514,35000,Junior_Instractor
2515,35000,Junior_Instractor
2516,35000,Junior_Instractor
2517,35000,Junior_Instractor
2518,35000,Junior_Instractor
2519,35000,Junior_Instractor
2520,35000,Junior_Instractor
2521,35000,Junior_Instractor
2522,35000,Junior_Instractor
2523,35000,Junior_Instractor
2524,35000,Junior_Instractor
2525,35000,Junior_Instractor
2526,35000,Junior_Instractor
2527,35000,Junior_Instractor
2528,35000,Junior_Instractor
2529,35000,Junior_Instractor
2530,35000,Junior_Instractor
2531,35000,Junior_Instractor
2532,35000,Junior_Instractor
2533,35000,Junior_Instractor
2534,35000,Junior_Instractor
2535,35000,Junior_Instractor
2536,35000,Junior_Instractor
2537,35000,Junior_Instractor
2538,35000,Junior_Instractor
2539,35000,Junior_Instractor
2540,35000,Junior_Instractor
2541,35000,Junior_Instractor
2542,35000,Junior_Instractor
2543,35000,Junior_Instractor
2544,35000,Junior_Instractor
2545,35000,Junior_Instractor
2546,35000,Junior_Instractor
2547,35000,Junior_Instractor
2548,35000,Junior_Instractor
2549,35000,Junior_Instractor
2550,40000,Junior_Instractor
2551,40000,Junior_Instractor
2552,40000,Junior_Instractor
2553,40000,Junior_Instractor
2554,40000,Junior_Instractor
2555,40000,Junior_Instractor
2556,40000,Junior_Instractor
2557,40000,Junior_Instractor
2558,40000,Junior_Instractor
2559,40000,Junior_Instractor
2560,40000,Junior_Instractor
2561,40000,Junior_Instractor
2562,40000,Junior_Instractor
2563,40000,Junior_Instractor
2564,40000,Junior_Instractor
2565,40000,Junior_Instractor
2566,40000,Junior_Instractor
2567,40000,Junior_Instractor
2568,40000,Junior_Instractor
2569,40000,Junior_Instractor
2570,40000,Junior_Instractor
2571,40000,Junior_Instractor
2572,40000,Junior_Instractor
2573,40000,Junior_Instractor
2574,40000,Junior_Instractor
2575,40000,Junior_Instractor
2576,40000,Junior_Instractor
2577,40000,Junior_Instractor
2578,40000,Junior_Instractor
2579,40000,Junior_Instractor
2580,40000,Junior_Instractor
2581,40000,Junior_Instractor
2582,40000,Junior_Instractor
2583,40000,Junior_Instractor
2584,40000,Junior_Instractor
2585,40000,Junior_Instractor
2586,40000,Junior_Instractor
2587,40000,Junior_Instractor
2588,40000,Junior_Instractor
2589,40000,Junior_Instractor
2590,40000,Junior_Instractor
2591,40000,Junior_Instractor
2592,40000,Junior_Instractor
2593,40000,Junior_Instractor
2594,40000,Junior_Instractor
2595,40000,Junior_Instractor
2596,40000,Junior_Instractor
2597,40000,Junior_Instractor
2598,40000,Junior_Instractor
2599,40000,Junior_Instractor
2600,40000,Junior_Instractor
2601,40000,Junior_Instractor
2602,40000,Junior_Instractor
2603,40000,Junior_Instractor
2604,40000,Junior_Instractor
2605,40000,Junior_Instractor
2606,40000,Junior_Instractor
2607,40000,Junior_Instractor
2608,40000,Junior_Instractor
2609,40000,Junior_Instractor
2610,40000,Junior_Instractor
2611,40000,Junior_Instractor
2612,40000,Junior_Instractor
2613,45000,Junior_Instractor
2614,45000,Junior_Instractor
2615,45000,Junior_Instractor
2616,45000,Junior_Instractor
2617,45000,Junior_Instractor
2618,45000,Junior_Instractor
2619,45000,Junior_Instractor
2620,45000,Junior_Instractor
2621,45000,Junior_Instractor
2622,45000,Junior_Instractor
2623,45000,Junior_Instractor
2624,45000,Junior_Instractor
2625,45000,Junior_Instractor
2626,45000,Junior_Instractor
2627,45000,Junior_Instractor
2628,45000,Junior_Instractor
2629,45000,Junior_Instractor
2630,45000,Junior_Instractor
2631,45000,Junior_Instractor
2632,45000,Junior_Instractor
2633,45000,Junior_Instractor
2634,45000,Junior_Instractor
2635,45000,Junior_Instractor
2636,45000,Junior_Instractor
2637,45000,Junior_Instractor
2638,45000,Junior_Instractor
2639,45000,Junior_Instractor
2640,45000,Junior_Instractor
2641,45000,Junior_Instractor
2642,45000,Junior_Instractor
2643,45000,Junior_Instractor
2644,45000,Junior_Instractor
2645,45000,Junior_Instractor
2646,45000,Junior_Instractor
2647,45000,Junior_Instractor
2648,45000,Junior_Instractor
2649,45000,Junior_Instractor
2650,45000,Junior_Instractor
2651,45000,Junior_Instractor
2652,45000,Junior_Instractor
2653,45000,Junior_Instractor
2654,45000,Junior_Instractor
2655,45000,Junior_Instractor
2656,45000,Junior_Instractor
2657,45000,Junior_Instractor
2658,45000,Junior_Instractor
2659,45000,Junior_Instractor
2660,45000,Junior_Instractor
2661,45000,Junior_Instractor
2662,45000,Junior_Instractor
2663,46000,Junior_Instractor
2664,46000,Junior_Instractor
2665,46000,Junior_Instractor
2666,46000,Junior_Instractor
2667,46000,Junior_Instractor
2668,46000,Junior_Instractor
2669,46000,Junior_Instractor
2670,46000,Junior_Instractor
2671,46000,Junior_Instractor
2672,46000,Junior_Instractor
2673,46000,Junior_Instractor
2674,46000,Junior_Instractor
2675,46000,Junior_Instractor
2676,46000,Junior_Instractor
2677,46000,Junior_Instractor
2678,46000,Junior_Instractor
2679,46000,Junior_Instractor
2680,46000,Junior_Instractor
2681,46000,Junior_Instractor
2682,46000,Junior_Instractor
2683,46000,Junior_Instractor
2684,46000,Junior_Instractor
2685,46000,Junior_Instractor
2686,46000,Junior_Instractor
2687,46000,Junior_Instractor
2688,46000,Junior_Instractor
2689,46000,Junior_Instractor
2690,46000,Junior_Instractor
2691,46000,Junior_Instractor
2692,46000,Junior_Instractor
2693,46000,Junior_Instractor
2694,46000,Junior_Instractor
2695,46000,Junior_Instractor
2696,46000,Junior_Instractor
2697,46000,Junior_Instractor
2698,46000,Junior_Instractor
2699,46000,Junior_Instractor
2700,46000,Junior_Instractor
2701,46000,Junior_Instractor
2702,47000,Junior_Instractor
2703,47000,Junior_Instractor
2704,47000,Junior_Instractor
2705,47000,Junior_Instractor
2706,47000,Junior_Instractor
2707,47000,Junior_Instractor
2708,47000,Junior_Instractor
2709,47000,Junior_Instractor
2710,47000,Junior_Instractor
2711,47000,Junior_Instractor
2712,47000,Junior_Instractor
2713,47000,Junior_Instractor
2714,47000,Junior_Instractor
2715,47000,Junior_Instractor
2716,47000,Junior_Instractor
2717,47000,Junior_Instractor
2718,47000,Junior_Instractor
2719,47000,Junior_Instractor
2720,47000,Junior_Instractor
2721,47000,Junior_Instractor
2722,47000,Junior_Instractor
2723,47000,Junior_Instractor
2724,47000,Junior_Instractor
2725,47000,Junior_Instractor
2726,47000,Junior_Instractor
2727,47000,Junior_Instractor
2728,47000,Junior_Instractor
2729,47000,Junior_Instractor
2730,47000,Junior_Instractor
2731,47000,Junior_Instractor
2732,47000,Junior_Instractor
2733,47000,Junior_Instractor
2734,47000,Junior_Instractor
2735,47000,Junior_Instractor
2736,47000,Junior_Instractor
2737,47000,Junior_Instractor
2738,48000,Junior_Instractor
2739,48000,Junior_Instractor
2740,48000,Junior_Instractor
2741,48000,Junior_Instractor
2742,48000,Junior_Instractor
2743,48000,Junior_Instractor
2744,48000,Junior_Instractor
2745,48000,Junior_Instractor
2746,48000,Junior_Instractor
2747,48000,Junior_Instractor
2748,48000,Junior_Instractor
2749,48000,Junior_Instractor
2750,48000,Junior_Instractor
2751,48000,Junior_Instractor
2752,48000,Junior_Instractor
2753,48000,Junior_Instractor
2754,48000,Junior_Instractor
2755,48000,Junior_Instractor
2756,48000,Junior_Instractor
2757,48000,Junior_Instractor
2758,48000,Junior_Instractor
2759,48000,Junior_Instractor
2760,48000,Junior_Instractor
2761,48000,Junior_Instractor
2762,48000,Junior_Instractor
2763,48000,Junior_Instractor
2764,48000,Junior_Instractor
2765,48000,Junior_Instractor
2766,48000,Junior_Instractor
2767,48000,Junior_Instractor
2768,48000,Junior_Instractor
2769,48000,Junior_Instractor
2770,48000,Junior_Instractor
2771,48000,Junior_Instractor
2772,48000,Junior_Instractor
2773,48000,Junior_Instractor
2774,48000,Junior_Instractor
2775,48000,Junior_Instractor
2776,50000,Instractor
2777,50000,Instractor
2778,50000,Instractor
2779,50000,Instractor
2780,50000,Instractor
2781,50000,Instractor
2782,50000,Instractor
2783,50000,Instractor
2784,50000,Instractor
2785,50000,Instractor
2786,50000,Instractor
2787,50000,Instractor
2788,50000,Instractor
2789,50000,Instractor
2790,50000,Instractor
2791,50000,Instractor
2792,50000,Instractor
2793,50000,Instractor
2794,50000,Instractor
2795,50000,Instractor
2796,50000,Instractor
2797,50000,Instractor
2798,50000,Instractor
2799,50000,Instractor
2800,50000,Instractor
2801,50000,Instractor
2802,50000,Instractor
2803,50000,Instractor
2804,50000,Instractor
2805,50000,Instractor
2806,50000,Instractor
2807,50000,Instractor
2808,50000,Instractor
2809,50000,Instractor
2810,50000,Instractor
2811,50000,Instractor
2812,50000,Instractor
2813,50000,Instractor
2814,50000,Instractor
2815,50000,Instractor
2816,50000,Instractor
2817,50000,Instractor
2818,50000,Instractor
2819,50000,Instractor
2820,50000,Instractor
2821,50000,Instractor
2822,50000,Instractor
2823,55000,Instractor
2824,55000,Instractor
2825,55000,Instractor
2826,55000,Instractor
2827,55000,Instractor
2828,55000,Instractor
2829,55000,Instractor
2830,55000,Instractor
2831,55000,Instractor
2832,55000,Instractor
2833,55000,Instractor
2834,55000,Instractor
2835,55000,Instractor
2836,55000,Instractor
2837,55000,Instractor
2838,55000,Instractor
2839,55000,Instractor
2840,55000,Instractor
2841,55000,Instractor
2842,55000,Instractor
2843,55000,Instractor
2844,55000,Instractor
2845,55000,Instractor
2846,55000,Instractor
2847,55000,Instractor
2848,55000,Instractor
2849,55000,Instractor
2850,55000,Instractor
2851,55000,Instractor
2852,55000,Instractor
2853,55000,Instractor
2854,55000,Instractor
2855,55000,Instractor
2856,55000,Instractor
2857,55000,Instractor
2858,55000,Instractor
2859,55000,Instractor
2860,55000,Instractor
2861,55000,Instractor
2862,55000,Instractor
2863,55000,Instractor
2864,55000,Instractor
2865,55000,Instractor
2866,55000,Instractor
2867,55000,Instractor
2868,55000,Instractor
2869,55000,Instractor
2870,55000,Instractor
2871,55000,Instractor
2872,55000,Instractor
2873,55500,Instractor
2874,55500,Instractor
2875,55500,Instractor
2876,55500,Instractor
2877,55500,Instractor
2878,55500,Instractor
2879,55500,Instractor
2880,55500,Instractor
2881,55500,Instractor
2882,55500,Instractor
2883,55500,Instractor
2884,55500,Instractor
2885,55500,Instractor
2886,55500,Instractor
2887,55500,Instractor
2888,55500,Instractor
2889,55500,Instractor
2890,55500,Instractor
2891,55500,Instractor
2892,55500,Instractor
2893,55500,Instractor
2894,55500,Instractor
2895,55500,Instractor
2896,55500,Instractor
2897,55500,Instractor
2898,55500,Instractor
2899,55500,Instractor
2900,55500,Instractor
2901,55500,Instractor
2902,55500,Instractor
2903,55500,Instractor
2904,55500,Instractor
2905,55500,Instractor
2906,55500,Instractor
2907,55500,Instractor
2908,55500,Instractor
2909,55500,Instractor
2910,55500,Instractor
2911,55500,Instractor
2912,55500,Instractor
2913,55500,Instractor
2914,60000,Instractor
2915,60000,Instractor
2916,60000,Instractor
2917,60000,Instractor
2918,60000,Instractor
2919,60000,Instractor
2920,60000,Instractor
2921,60000,Instractor
2922,60000,Instractor
2923,60000,Instractor
2924,60000,Instractor
2925,60000,Instractor
2926,60000,Instractor
2927,60000,Instractor
2928,60000,Instractor
2929,60000,Instractor
2930,60000,Instractor
2931,60000,Instractor
2932,60000,Instractor
2933,60000,Instractor
2934,60000,Instractor
2935,60000,Instractor
2936,60000,Instractor
2937,60000,Instractor
2938,60000,Instractor
2939,60000,Instractor
2940,60000,Instractor
2941,60000,Instractor
2942,60000,Instractor
2943,65000,Instractor
2944,65000,Instractor
2945,65000,Instractor
2946,65000,Instractor
2947,65000,Instractor
2948,65000,Instractor
2949,65000,Instractor
2950,65000,Instractor
2951,65000,Instractor
2952,65000,Instractor
2953,65000,Instractor
2954,65000,Instractor
2955,65000,Instractor
2956,65000,Instractor
2957,65000,Instractor
2958,65000,Instractor
2959,65000,Instractor
2960,65000,Instractor
2961,65000,Instractor
2962,65000,Instractor
2963,65000,Instractor
2964,65000,Instractor
2965,65000,Instractor
2966,65000,Instractor
2967,65000,Instractor
2968,65000,Instractor
2969,65000,Instractor
2970,65000,Instractor
2971,65000,Instractor
2972,65000,Instractor
2973,65000,Instractor
2974,65000,Instractor
2975,70000,Instractor
2976,70000,Instractor
2977,70000,Instractor
2978,70000,Instractor
2979,70000,Instractor
2980,70000,Instractor
2981,70000,Instractor
2982,70000,Instractor
2983,70000,Instractor
2984,70000,Instractor
2985,70000,Instractor
2986,70000,Instractor
2987,70000,Instractor
2988,70000,Instractor
2989,70000,Instractor
2990,70000,Instractor
2991,70000,Instractor
2992,70000,Instractor
2993,70000,Instractor
2994,70000,Instractor
2995,70000,Instractor
2996,70000,Instractor
2997,70000,Instractor
2998,70000,Instractor
2999,70000,Instractor
3000,70000,Instractor
3001,70000,Instractor
3002,70000,Instractor
3003,70000,Instractor
3004,70000,Instractor
3005,70000,Instractor
3006,70000,Instractor
3007,70000,Instractor
3008,70000,Instractor
3009,70000,Instractor
3010,70000,Instractor
3011,70000,Instractor
3012,70000,Instractor
3013,70000,Instractor
3014,70000,Instractor
3015,72000,Instractor
3016,72000,Instractor
3017,72000,Instractor
3018,72000,Instractor
3019,72000,Instractor
3020,72000,Instractor
3021,72000,Instractor
3022,72000,Instractor
3023,72000,Instractor
3024,72000,Instractor
3025,72000,Instractor
3026,72000,Instractor
3027,72000,Instractor
3028,72000,Instractor
3029,75000,Instractor
3030,75000,Instractor
3031,75000,Instractor
3032,75000,Instractor
3033,75000,Instractor
3034,75000,Instractor
3035,75000,Instractor
3036,75000,Instractor
3037,75000,Instractor
3038,75000,Instractor
3039,75000,Instractor
3040,75000,Instractor
3041,75000,Instractor
3042,75000,Instractor
3043,75000,Instractor
3044,75000,Instractor
3045,75000,Instractor
3046,75000,Instractor
3047,75000,Instractor
3048,75000,Instractor
3049,75000,Instractor
3050,75000,Instractor
3051,75000,Instractor
3052,75000,Instractor
3053,75000,Instractor
3054,75000,Instractor
3055,75000,Instractor
3056,75000,Instractor
3057,75000,Instractor
3058,76000,Instractor
3059,76000,Instractor
3060,76000,Instractor
3061,76000,Instractor
3062,76000,Instractor
3063,76000,Instractor
3064,76000,Instractor
3065,76000,Instractor
3066,76000,Instractor
3067,76000,Instractor
3068,76000,Instractor
3069,76000,Instractor
3070,76000,Instractor
3071,76000,Instractor
3072,76000,Instractor
3073,76000,Instractor
3074,76000,Instractor
3075,76000,Instractor
3076,76000,Instractor
3077,76000,Instractor
3078,76000,Instractor
3079,76000,Instractor
3080,76000,Instractor
3081,80000,Instractor
3082,80000,Instractor
3083,80000,Instractor
3084,80000,Instractor
3085,80000,Instractor
3086,80000,Instractor
3087,80000,Instractor
3088,80000,Instractor
3089,80000,Instractor
3090,80000,Instractor
3091,80000,Instractor
3092,80000,Instractor
3093,80000,Instractor
3094,80000,Instractor
3095,80000,Instractor
3096,80000,Instractor
3097,80000,Instractor
3098,90000,Instractor
3099,90000,Instractor
3100,90000,Instractor
3101,90000,Instractor
3102,90000,Instractor
3103,90000,Instractor
3104,90000,Instractor
3105,90000,Instractor
3106,90000,Instractor
3107,90000,Instractor
3108,90000,Instractor
3109,90000,Instractor
3110,90000,Instractor
3111,95000,Instractor
3112,95000,Chif_Instractor
3113,95000,Chif_Instractor
3114,95000,Chif_Instractor
3115,95000,Chif_Instractor
3116,95000,Chif_Instractor
3117,95000,Chif_Instractor
3118,95000,Chif_Instractor
3119,95000,Chif_Instractor
3120,95000,Chif_Instractor
3121,95000,Chif_Instractor
3122,95500,Chif_Instractor
3123,95500,Chif_Instractor
3124,95500,Chif_Instractor
3125,95500,Chif_Instractor
3126,95500,Chif_Instractor
3127,95500,Chif_Instractor
3128,95500,Chif_Instractor
3129,95500,Chif_Instractor
3130,95500,Chif_Instractor
3131,95500,Chif_Instractor
3132,96000,Chif_Instractor
3133,96000,Chif_Instractor
3134,96000,Chif_Instractor
3135,96000,Chif_Instractor
3136,96000,Chif_Instractor
3137,96000,Chif_Instractor
3138,96000,Chif_Instractor
3139,97000,Chif_Instractor
3140,97000,Chif_Instractor
3141,97000,Chif_Instractor
3142,97000,Chif_Instractor
3143,97000,Chif_Instractor
3144,97000,Chif_Instractor
3145,98000,Chif_Instractor
3146,98000,Chif_Instractor
3147,98000,Chif_Instractor
3148,98000,Chif_Instractor
3149,98000,Chif_Instractor
3150,98000,Chif_Instractor
3151,98000,Chif_Instractor
3152,98000,Chif_Instractor
3153,98000,Chif_Instractor
3154,98000,Chif_Instractor
3155,100000,Chif_Instractor
3156,100000,Chif_Instractor
3157,100000,Chif_Instractor
3158,100000,Chif_Instractor
3159,100000,Chif_Instractor
3160,100000,Chif_Instractor
3161,101000,Chif_Instractor
3162,101000,Chif_Instractor
3163,101000,Chif_Instractor
3164,101000,Chif_Instractor
3165,110000,Chif_Instractor
3166,110000,Chif_Instractor
3167,110000,Chif_Instractor
3168,110000,Chif_Instractor
3169,110000,Chif_Instractor
3170,120500,Chif_Instractor
3171,120500,Chif_Instractor
3172,120500,Chif_Instractor
3173,120500,Chif_Instractor
3174,120000,Chif_Instractor
3175,120000,Chif_Instractor
3176,120000,Chif_Instractor
3177,120000,Chif_Instractor
3178,120000,Chif_Instractor
3179,130000,Chif_Instractor
3180,130000,Chif_Instractor
3181,130000,Chif_Instractor
3182,130000,Chif_Instractor
3183,130000,Chif_Instractor
3184,200000,CEO
3185,200000,CEO
3186,250000,CEO
3187,250000,CEO
3188,250000,CEO
3189,250000,CEO
3190,250000,CEO
3191,250000,CEO
3192,250000,CEO
3193,250000,CEO
3194,250000,CEO
3195,250000,CEO
3196,250000,CEO
3197,250000,CEO
3198,250000,CEO
3199,250000,CEO
3200,250000,CEO
3201,250000,CEO
3202,250000,CEO
3203,250000,CEO
3204,250000,CEO
3205,250000,CEO
3206,250000,CEO
3207,250000,CEO
3208,250000,CEO
3209,250000,CEO
3210,250000,CEO
3211,250000,CEO
3212,250000,CEO
3213,250000,CEO
3214,250000,CEO
3215,250000,CEO
3216,250000,CEO
3217,250000,CEO
3218,250000,CEO
3219,250000,CEO
3220,250000,CEO
3221,250000,CEO
3222,250000,CEO
3223,250000,CEO
3224,250000,CEO
3225,250000,CEO
3226,250000,CEO
3227,250000,CEO
3228,250000,CEO
3229,250000,CEO
3230,250000,CEO
3231,250000,CEO
3232,250000,CEO
3233,250000,CEO
3234,250000,CEO
3235,250000,CEO
3236,250000,CEO
3237,250000,CEO
3238,250000,CEO
3239,250000,CEO
3240,250000,CEO
3241,250000,CEO
3242,250000,CEO
3243,250000,CEO
3244,250000,CEO
3245,250000,CEO
3246,250000,CEO
3247,250000,CEO
3248,250000,CEO
3249,250000,CEO
3250,250000,CEO
3251,250000,CEO
3252,250000,CEO
3253,250000,CEO
3254,250000,CEO
3255,250000,CEO
3256,250000,CEO
3257,250000,CEO
3258,250000,CEO
3259,250000,CEO
3260,250000,CEO
3261,250000,CEO
3262,250000,CEO
3263,250000,CEO
3264,250000,CEO
3265,250000,CEO
3266,250000,CEO
3267,250000,CEO
3268,250000,CEO
3269,250000,CEO
3270,276000,CEO
3271,276000,CEO
3272,276000,CEO
3273,276000,CEO
3274,276000,CEO
3275,276000,CEO
3276,276000,CEO
3277,276000,CEO
3278,276000,CEO
3279,276000,CEO
3280,276000,CEO
3281,276000,CEO
3282,276000,CEO
3283,276000,CEO
3284,276000,CEO
3285,276000,CEO
3286,276000,CEO
3287,276000,CEO
3288,276000,CEO
3289,276000,CEO
3290,276000,CEO
3291,276000,CEO
3292,276000,CEO
3293,276000,CEO
3294,276000,CEO
3295,276000,CEO
3296,276000,CEO
3297,276000,CEO
3298,276000,CEO
3299,276000,CEO
3300,276000,CEO
3301,276000,CEO
3302,276000,CEO
3303,276000,CEO
3304,276000,CEO
3305,276000,CEO
3306,276000,CEO
3307,276000,CEO
3308,276000,CEO
3309,276000,CEO
3310,276000,CEO
3311,276000,CEO
3312,276000,CEO
3313,276000,CEO
3314,276000,CEO
3315,276000,CEO
3316,276000,CEO
3317,276000,CEO
3318,276000,CEO
3319,276000,CEO
3320,276000,CEO
3321,276000,CEO
3322,276000,CEO
3323,276000,CEO
3324,276000,CEO
3325,276000,CEO
3326,276000,CEO
3327,276000,CEO
3328,276000,CEO
3329,276000,CEO
3330,276000,CEO
3331,276000,CEO
3332,276000,CEO
3333,276000,CEO
3334,276000,CEO
3335,276000,CEO
3336,276000,CEO
3337,276000,CEO
3338,276000,CEO
3339,276000,CEO
3340,276000,CEO
3341,276000,CEO
3342,276000,CEO
3343,276000,CEO
3344,276000,CEO
3345,276000,CEO
3346,276000,CEO
3347,276000,CEO
3348,276000,CEO
3349,276000,CEO
3350,276000,CEO
3351,276000,CEO
3352,276000,CEO
3353,276000,CEO
3354,276000,CEO
3355,276000,CEO
3356,276000,CEO
3357,276000,CEO
3358,276000,CEO
3359,276000,CEO
3360,276000,CEO
3361,276000,CEO
3362,276000,CEO
3363,276000,CEO
3364,276000,CEO
3365,276000,CEO
3366,276000,CEO
3367,276000,CEO
3368,276000,CEO
3369,276000,CEO
3370,276000,CEO
3371,276000,CEO
3372,276000,CEO
3373,276000,CEO
3374,276000,CEO
3375,276000,CEO
3376,276000,CEO
3377,276000,CEO
3378,276000,CEO
3379,276000,CEO
3380,276000,CEO
3381,276000,CEO
3382,276000,CEO
3383,276000,CEO
3384,276000,CEO
3385,276000,CEO
3386,276000,CEO
3387,276000,CEO
3388,276000,CEO
3389,276000,CEO
3390,276000,CEO
3391,276000,CEO
3392,276000,CEO
3393,276000,CEO
3394,276000,CEO
3395,276000,CEO
3396,276000,CEO
3397,276000,CEO
3398,276000,CEO
3399,276000,CEO
3400,276000,CEO
3401,276000,CEO
3402,276000,CEO
3403,276000,CEO
3404,276000,CEO
3405,276000,CEO
3406,276000,CEO
3407,276000,CEO
3408,276000,CEO
3409,276000,CEO
3410,276000,CEO
3411,276000,CEO
3412,276000,CEO
3413,276000,CEO
3414,276000,CEO
3415,276000,CEO
3416,276000,CEO
3417,276000,CEO
3418,276000,CEO
3419,234000,CEO
3420,234000,CEO
3421,234000,CEO
3422,234000,CEO
3423,234000,CEO
3424,234000,CEO
3425,234000,CEO
3426,234000,CEO
3427,234000,CEO
3428,234000,CEO
3429,234000,CEO
3430,234000,CEO
3431,234000,CEO
3432,234000,CEO
3433,234000,CEO
3434,234000,CEO
3435,234000,CEO
3436,234000,CEO
3437,234000,CEO
3438,234000,CEO
3439,234000,CEO
3440,234000,CEO
3441,234000,CEO
3442,240000,CEO
3443,240000,CEO
3444,240000,CEO
3445,240000,CEO
3446,240000,CEO
3447,240000,CEO
3448,240000,CEO
3449,240000,CEO
3450,240000,CEO
3451,240000,CEO
3452,240000,CEO
3453,240000,CEO
3454,240000,CEO
3455,240000,CEO
3456,240000,CEO
3457,240000,CEO
3458,240000,CEO
3459,240000,CEO
3460,240000,CEO
3461,240000,CEO
3462,240000,CEO
3463,240000,CEO
3464,240000,CEO
3465,240000,CEO
3466,240000,CEO
3467,240000,CEO
3468,240000,CEO
3469,290000,CEO
3470,290000,CEO
3471,290000,CEO
3472,290000,CEO
3473,290000,CEO
3474,290000,CEO
3475,290000,CEO
3476,290000,CEO
3477,290000,CEO
3478,290000,CEO
3479,290000,CEO
3480,290000,CEO
3481,290000,CEO
3482,290000,CEO
3483,300000,CEO
3484,300000,CEO
3485,300000,CEO
3486,300000,CEO
3487,300000,CEO
3488,300000,CEO
3489,300000,CEO
3490,300000,CEO
3491,300000,CEO
3492,300000,CEO
3493,300000,CEO
3494,300000,CEO
3495,310000,CEO
3496,310000,CEO
3497,310000,CEO
3498,310000,CEO
3499,310000,CEO
3500,310000,CEO
3501,310000,CEO
3502,310000,CEO
3503,310000,CEO
3504,310000,CEO
3505,310000,CEO
3506,310000,CEO
3507,310000,CEO
3508,310000,CEO
3509,310000,CEO
3510,310000,CEO
3511,310000,CEO
3512,310000,CEO
3513,310000,CEO
3514,310000,CEO
3515,310000,CEO
3516,310000,CEO
3517,310000,CEO
3518,310000,CEO
3519,310000,CEO
3520,310000,CEO
3521,310000,CEO
3522,310000,CEO
3523,340000,CEO
3524,340001,CEO
3525,340002,CEO
3526,340003,CEO
3527,340004,CEO
3528,340005,CEO
3529,340006,CEO
3530,340007,CEO
3531,340008,CEO
3532,340009,CEO
3533,340010,CEO
3534,340011,CEO
3535,340012,CEO
3536,340013,CEO
3537,340014,CEO
3538,340015,CEO
3539,340016,CEO
3540,340017,CEO
3541,340018,CEO
3542,340019,CEO
3543,340020,CEO
3544,340021,CEO
3545,340022,CEO
3546,340023,CEO
3547,340024,CEO
3548,340025,CEO
3549,340026,CEO
3550,340027,CEO
3551,340028,CEO
3552,340029,CEO
3553,340030,CEO
3554,340031,CEO
3555,340032,CEO
3556,340033,CEO
3557,340034,CEO
3558,340035,CEO
3559,340036,CEO
3560,340037,CEO
3561,340038,CEO
3562,400000,Software Engineer
3563,400000,Software Engineer
3564,400000,Software Engineer
3565,400000,Software Engineer
3566,400000,Software Engineer
3567,400000,Software Engineer
3568,400000,Software Engineer
3569,400000,Software Engineer
3570,400000,Software Engineer
3571,400000,Software Engineer
3572,400000,Software Engineer
3573,400000,Software Engineer
3574,350000,Software Engineer
3575,350000,Software Engineer
3576,350000,Software Engineer
3577,350000,Software Engineer
3578,350000,Software Engineer
3579,350000,Software Engineer
3580,350000,Software Engineer
3581,350000,Software Engineer
3582,375000,Software Engineer
3583,375000,Software Engineer
3584,375000,Software Engineer
3585,375000,Software Engineer
3586,375000,Software Engineer
3587,375000,Software Engineer
3588,375000,Software Engineer
3589,375000,Software Engineer
3590,375000,Software Engineer
3591,390000,Software Engineer
3592,390000,Software Engineer
3593,390000,Software Engineer
3594,390000,Software Engineer
3595,390000,Software Engineer
3596,390000,Software Engineer
3597,393000,Software Engineer
3598,393000,Software Engineer
3599,393000,Software Engineer
3600,393000,Software Engineer
3601,393000,Software Engineer
3602,393000,Software Engineer
3603,393000,Software Engineer
3604,393000,Software Engineer
3605,393000,Software Engineer
3606,393000,Software Engineer
3607,393000,Software Engineer
3608,393000,Software Engineer
3609,393000,Software Engineer
3610,393000,Software Engineer
3611,393000,Software Engineer
3612,393000,Software Engineer
3613,393000,Software Engineer
3614,393000,Software Engineer
3615,395050,Software Engineer
3616,395050,Software Engineer
3617,395050,Software Engineer
3618,395050,Software Engineer
3619,395050,Software Engineer
3620,395050,Software Engineer
3621,395050,Software Engineer
3622,395050,Software Engineer
3623,395050,Software Engineer
3624,395050,Software Engineer
3625,395050,Software Engineer
3626,395050,Software Engineer
3627,395050,Software Engineer
3628,395050,Software Engineer
3629,395050,Software Engineer
3630,395050,Software Engineer
3631,395050,Software Engineer
3632,395050,Software Engineer
3633,395050,Software Engineer
3634,395050,Software Engineer
3635,395050,Software Engineer
3636,395050,Software Engineer
3637,395050,Software Engineer
3638,395050,Software Engineer
3639,395050,Software Engineer
3640,395050,Software Engineer
3641,395050,Software Engineer
3642,395050,Software Engineer
3643,395050,Software Engineer
3644,395050,Software Engineer
3645,395050,Software Engineer
3646,395050,Software Engineer
3647,401000,Software Engineer
3648,401000,Software Engineer
3649,401000,Software Engineer
3650,401000,Software Engineer
3651,401000,Software Engineer
3652,401000,Software Engineer
3653,401000,Software Engineer
3654,401000,Software Engineer
3655,401000,Software Engineer
3656,450000,Software Engineer
3657,450000,Software Engineer
3658,450000,Software Engineer
3659,450000,Software Engineer
3660,450000,Software Engineer
3661,450000,Software Engineer
3662,450000,Software Engineer
3663,450000,Software Engineer
3664,450000,Software Engineer
3665,450000,Software Engineer
3666,450000,Software Engineer
3667,450000,Software Engineer
3668,450000,Software Engineer
3669,450000,Software Engineer
3670,460000,Software Engineer
3671,460000,Software Engineer
3672,460000,Software Engineer
3673,460000,Software Engineer
3674,460000,Software Engineer
3675,460000,Software Engineer
3676,460000,Software Engineer
3677,460000,Software Engineer
3678,460000,Software Engineer
3679,460000,Software Engineer
3680,460000,Software Engineer
3681,460000,Software Engineer
3682,460000,Software Engineer
3683,460000,Software Engineer
3684,460000,Software Engineer
3685,460000,Software Engineer
3686,460000,Software Engineer
3687,460000,Software Engineer
3688,460000,Software Engineer
3689,460000,Software Engineer
3690,460000,Software Engineer
3691,460000,Software Engineer
3692,460000,Software Engineer
3693,460000,Software Engineer
3694,460000,Software Engineer
3695,460000,Software Engineer
3696,460000,Software Engineer
3697,460000,Software Engineer
3698,460000,Software Engineer
3699,460000,Software Engineer
3700,460000,Software Engineer
3701,460000,Software Engineer
3702,460000,Software Engineer
3703,460000,Software Engineer
3704,460000,Software Engineer
3705,460000,Software Engineer
3706,460000,Software Engineer
3707,460000,Software Engineer
3708,460000,Software Engineer
3709,460000,Software Engineer
3710,460000,Software Engineer
3711,460000,Software Engineer
3712,460000,Software Engineer
3713,460000,Software Engineer
3714,460000,Software Engineer
3715,460000,Software Engineer
3716,460000,Software Engineer
3717,460000,Software Engineer
3718,460000,Software Engineer
3719,460000,Software Engineer
3720,460000,Software Engineer
3721,460000,Software Engineer
3722,460000,Software Engineer
3723,460000,Software Engineer
3724,460000,Software Engineer
3725,460000,Software Engineer
3726,460000,Software Engineer
3727,460000,Software Engineer
3728,460000,Software Engineer
3729,460000,Software Engineer
3730,460000,Software Engineer
3731,460000,Software Engineer
3732,460000,Software Engineer
3733,460000,Software Engineer
3734,460000,Software Engineer
3735,460000,Software Engineer
3736,460000,Software Engineer
3737,460000,Software Engineer
3738,460000,Software Engineer
3739,460000,Software Engineer
3740,460000,Software Engineer
3741,460000,Software Engineer
3742,460000,Software Engineer
3743,460000,Software Engineer
3744,460000,Software Engineer
3745,460000,Software Engineer
3746,460000,Software Engineer
3747,460000,Software Engineer
3748,460000,Software Engineer
3749,460000,Software Engineer
3750,440000,Software Engineer
3751,440000,Software Engineer
3752,440000,Software Engineer
3753,440000,Software Engineer
3754,440000,Software Engineer
3755,440000,Software Engineer
3756,440000,Software Engineer
3757,440000,Software Engineer
3758,440000,Software Engineer
3759,440000,Software Engineer
3760,440000,Software Engineer
3761,440000,Software Engineer
3762,440000,Software Engineer
3763,440000,Software Engineer
3764,440000,Software Engineer
3765,440000,Software Engineer
3766,440000,Software Engineer
3767,440000,Software Engineer
3768,440000,Software Engineer
3769,440000,Software Engineer
3770,440000,Software Engineer
3771,440000,Software Engineer
3772,440000,Software Engineer
3773,455500,Software Engineer
3774,455500,Software Engineer
3775,455500,Software Engineer
3776,455500,Software Engineer
3777,455500,Software Engineer
3778,455500,Software Engineer
3779,455500,Software Engineer
3780,455500,Software Engineer
3781,455500,Software Engineer
3782,465000,Software Engineer
3783,465000,Software Engineer
3784,465000,Software Engineer
3785,465000,Software Engineer
3786,465000,Software Engineer
3787,465000,Software Engineer
3788,465000,Software Engineer
3789,465000,Software Engineer
3790,465000,Software Engineer
3791,465000,Software Engineer
3792,465000,Software Engineer
3793,465000,Software Engineer
3794,465000,Software Engineer
3795,465000,Software Engineer
3796,465000,Software Engineer
3797,465000,Software Engineer
3798,465000,Software Engineer
3799,465000,Software Engineer
3800,465000,Software Engineer
3801,465000,Software Engineer
3802,465000,Software Engineer
3803,465000,Software Engineer
3804,465000,Software Engineer
3805,465000,Software Engineer
3806,465000,Software Engineer
3807,465000,Software Engineer
3808,465000,Software Engineer
3809,465000,Software Engineer
3810,465000,Software Engineer
3811,465000,Software Engineer
3812,465000,Software Engineer
3813,465000,Software Engineer
3814,465000,Software Engineer
3815,465000,Software Engineer
3816,465000,Software Engineer
3817,470000,Software Engineer
3818,470000,Software Engineer
3819,470000,Software Engineer
3820,470000,Software Engineer
3821,470000,Software Engineer
3822,470000,Software Engineer
3823,470000,Software Engineer
3824,470000,Software Engineer
3825,470000,Software Engineer
3826,470000,Software Engineer
3827,470000,Software Engineer
3828,470000,Software Engineer
3829,470000,Software Engineer
3830,470000,Software Engineer
3831,470000,Software Engineer
3832,470000,Software Engineer
3833,470000,Software Engineer
3834,470000,Software Engineer
3835,470000,Software Engineer
3836,470000,Software Engineer
3837,470000,Software Engineer
3838,470000,Software Engineer
3839,470000,Software Engineer
3840,470000,Software Engineer
3841,470000,Software Engineer
3842,470000,Software Engineer
3843,470000,Software Engineer
3844,470000,Software Engineer
3845,470000,Software Engineer
3846,470000,Software Engineer
3847,470000,Software Engineer
3848,470000,Software Engineer
3849,470000,Software Engineer
3850,470000,Software Engineer
3851,470000,Software Engineer
3852,470000,Software Engineer
3853,470000,Software Engineer
3854,470000,Software Engineer
3855,470000,Software Engineer
3856,480000,Software Engineer
3857,480000,Software Engineer
3858,480000,Software Engineer
3859,480000,Software Engineer
3860,480000,Software Engineer
3861,480000,Software Engineer
3862,480000,Software Engineer
3863,480000,Software Engineer
3864,480000,Software Engineer
3865,480000,Software Engineer
3866,480000,Software Engineer
3867,480000,Software Engineer
3868,480000,Software Engineer
3869,480000,Software Engineer
3870,480000,Software Engineer
3871,480000,Software Engineer
3872,480000,Software Engineer
3873,480000,Software Engineer
3874,480000,Software Engineer
3875,480000,Software Engineer
3876,480000,Software Engineer
3877,480000,Software Engineer
3878,480000,Software Engineer
3879,480000,Software Engineer
3880,480000,Software Engineer
3881,480000,Software Engineer
3882,480000,Software Engineer
3883,480000,Software Engineer
3884,485000,Software Engineer
3885,485000,Software Engineer
3886,485000,Software Engineer
3887,485000,Software Engineer
3888,485000,Software Engineer
3889,485000,Software Engineer
3890,485000,Software Engineer
3891,485000,Software Engineer
3892,485000,Software Engineer
3893,485000,Software Engineer
3894,485000,Software Engineer
3895,485000,Software Engineer
3896,485000,Software Engineer
3897,485000,Software Engineer
3898,485000,Software Engineer
3899,485000,Software Engineer
3900,485000,Software Engineer
3901,485000,Software Engineer
3902,485000,Software Engineer
3903,485000,Software Engineer
3904,485000,Software Engineer
3905,485000,Software Engineer
3906,485000,Software Engineer
3907,485000,Software Engineer
3908,485000,Software Engineer
3909,485000,Software Engineer
3910,485000,Software Engineer
3911,485000,Software Engineer
3912,485000,Software Engineer
3913,485000,Software Engineer
3914,485000,Software Engineer
3915,485000,Software Engineer
3916,485000,Software Engineer
3917,485000,Software Engineer
3918,485000,Software Engineer
3919,485000,Software Engineer
3920,485000,Software Engineer
3921,485000,Software Engineer
3922,485000,Software Engineer
3923,485000,Software Engineer
3924,485000,Software Engineer
3925,485000,Software Engineer
3926,485000,Software Engineer
3927,485000,Software Engineer
3928,500000,Machine Learning Engineer
3929,500000,Machine Learning Engineer
3930,500000,Machine Learning Engineer
3931,500000,Machine Learning Engineer
3932,500000,Machine Learning Engineer
3933,500000,Machine Learning Engineer
3934,500000,Machine Learning Engineer
3935,500000,Machine Learning Engineer
3936,500000,Machine Learning Engineer
3937,500000,Machine Learning Engineer
3938,490000,Machine Learning Engineer
3939,490000,Machine Learning Engineer
3940,490000,Machine Learning Engineer
3941,490000,Machine Learning Engineer
3942,490000,Machine Learning Engineer
3943,490000,Machine Learning Engineer
3944,490000,Machine Learning Engineer
3945,490000,Machine Learning Engineer
3946,490000,Machine Learning Engineer
3947,490000,Machine Learning Engineer
3948,490000,Machine Learning Engineer
3949,490000,Machine Learning Engineer
3950,490000,Machine Learning Engineer
3951,490000,Machine Learning Engineer
3952,490000,Machine Learning Engineer
3953,490000,Machine Learning Engineer
3954,490000,Machine Learning Engineer
3955,490000,Machine Learning Engineer
3956,490000,Machine Learning Engineer
3957,490000,Machine Learning Engineer
3958,490000,Machine Learning Engineer
3959,490000,Machine Learning Engineer
3960,490000,Machine Learning Engineer
3961,490000,Machine Learning Engineer
3962,490000,Machine Learning Engineer
3963,490000,Machine Learning Engineer
3964,490000,Machine Learning Engineer
3965,490000,Machine Learning Engineer
3966,490000,Machine Learning Engineer
3967,490000,Machine Learning Engineer
3968,490000,Machine Learning Engineer
3969,490000,Machine Learning Engineer
3970,490000,Machine Learning Engineer
3971,490000,Machine Learning Engineer
3972,495000,Machine Learning Engineer
3973,495000,Machine Learning Engineer
3974,495000,Machine Learning Engineer
3975,495000,Machine Learning Engineer
3976,495000,Machine Learning Engineer
3977,495000,Machine Learning Engineer
3978,495000,Machine Learning Engineer
3979,495000,Machine Learning Engineer
3980,495000,Machine Learning Engineer
3981,495000,Machine Learning Engineer
3982,495000,Machine Learning Engineer
3983,495000,Machine Learning Engineer
3984,495000,Machine Learning Engineer
3985,495000,Machine Learning Engineer
3986,495000,Machine Learning Engineer
3987,495000,Machine Learning Engineer
3988,495000,Machine Learning Engineer
3989,495000,Machine Learning Engineer
3990,495000,Machine Learning Engineer
3991,495000,Machine Learning Engineer
3992,495000,Machine Learning Engineer
3993,495000,Machine Learning Engineer
3994,495000,Machine Learning Engineer
3995,495000,Machine Learning Engineer
3996,495000,Machine Learning Engineer
3997,495000,Machine Learning Engineer
3998,495000,Machine Learning Engineer
3999,495000,Machine Learning Engineer
4000,495000,Machine Learning Engineer
4001,495000,Machine Learning Engineer
4002,495000,Machine Learning Engineer
4003,495000,Machine Learning Engineer
4004,495000,Machine Learning Engineer
4005,495000,Machine Learning Engineer
4006,495000,Machine Learning Engineer
4007,495000,Machine Learning Engineer
4008,495000,Machine Learning Engineer
4009,495000,Machine Learning Engineer
4010,495000,Machine Learning Engineer
4011,510000,Ai Engineer
4012,510000,Ai Engineer
4013,510000,Ai Engineer
4014,510000,Ai Engineer
4015,510000,Ai Engineer
4016,510000,Ai Engineer
4017,510000,Ai Engineer
4018,510000,Ai Engineer
4019,510000,Ai Engineer
4020,510000,Ai Engineer
4021,510000,Ai Engineer
4022,510000,Ai Engineer
4023,510000,Ai Engineer
4024,510000,Ai Engineer
4025,510000,Ai Engineer
4026,510000,Ai Engineer
4027,510000,Ai Engineer
4028,510000,Ai Engineer
4029,510000,Ai Engineer
4030,510000,Ai Engineer
4031,510000,Ai Engineer
4032,510000,Ai Engineer
4033,510000,Ai Engineer
4034,555000,Ai Engineer
4035,555000,Ai Engineer
4036,555000,Ai Engineer
4037,555000,Ai Engineer
4038,555000,Ai Engineer
4039,555000,Ai Engineer
4040,555000,Ai Engineer
4041,555000,Ai Engineer
4042,555000,Ai Engineer
4043,555000,Ai Engineer
4044,555000,Ai Engineer
4045,560000,Ai Engineer
4046,560000,Ai Engineer
4047,560000,Ai Engineer
4048,600000,Ai Engineer
4049,600000,Ai Engineer
4050,600000,Ai Engineer
4051,600000,Ai Engineer
4052,700000,Company Ownar
